﻿<?xml version="1.0" encoding="utf-8"?>
<Users>
  <User ID="1">
    <Name>Mike</Name>
  </User>
  <User ID="2" Name="Kevin">
    <Name>Kevin</Name>
  </User>
  <User ID="3">
    <Name>Clarke</Name>
  </User>
  <User ID="4">
    <Name>Kevin</Name>
  </User>
  <User ID="6">
    <Name>Hussey</Name>
  </User>
  <User ID="7">
    <Name>Andrew</Name>
  </User>
  <User ID="8">
    <Name>Hussey</Name>
  </User>
  <User ID="9" Name="Kevin">
    <Name>Kevin</Name>
  </User>
  <User ID="10">
    <Name>Hussey</Name>
  </User>
  <User ID="11">
    <Name>Andrew</Name>
  </User>
  <User ID="12">
    <Name>Hussey</Name>
  </User>
  <User ID="13">
    <Name>Andrew</Name>
  </User>
  <User ID="14">
    <Name>Hussey</Name>
  </User>
  <User ID="15">
    <Name>Andrew</Name>
  </User>
  <User ID="16">
    <Name>Hussey</Name>
  </User>
  <User ID="17">
    <Name>Andrew</Name>
  </User>
  <User ID="18">
    <Name>Hussey</Name>
  </User>
  <User ID="19">
    <Name>Andrew</Name>
  </User>
</Users>